Product Name,Advert Link,Price
"HP 14-ck0989na 14 Inch Full HD Laptop - (Grey) (Intel Pentium Quad Core, 4 GB RAM, 128 GB SSD, Windows 10 Home)",/gp/slredirect/picassoRedirect.html/ref=pa_sp_atf_aps_sr_pg1_1?ie=UTF8&adId=A0958583VG6EW4NKDLJ1&url=%2FHP-14-ck0989na-Inch-Full-Laptop%2Fdp%2FB07NDRVWMT%2Fref%3Dsr_1_1_sspa%3Fcrid%3D20V8GTNKKS8GF%26keywords%3Dlaptop%26qid%3D1556190570%26s%3Dgateway%26sprefix%3Dla%252Caps%252C167%26sr%3D8-1-spons%26psc%3D1&qualifier=1556190570&id=8871860184447689&widgetName=sp_atf,"299
."
"HP 15.6 Inch Full HD Laptop - (Natural Silver) (Intel Core i5-7200U, 8 GB, 1 TB HDD, Windows 10 Home)",/gp/slredirect/picassoRedirect.html/ref=pa_sp_atf_aps_sr_pg1_2?ie=UTF8&adId=A0966463133I0E1M8990U&url=%2FHP-15-6-Inch-Full-Laptop%2Fdp%2FB07KX7L3N2%2Fref%3Dsr_1_2_sspa%3Fcrid%3D20V8GTNKKS8GF%26keywords%3Dlaptop%26qid%3D1556190570%26s%3Dgateway%26sprefix%3Dla%252Caps%252C167%26sr%3D8-2-spons%26psc%3D1&qualifier=1556190570&id=8871860184447689&widgetName=sp_atf,"479
."
"HP Pavilion 15.6 Inch Full HD Laptop - (Mineral Silver) (Intel Core i3-8130U, 8 GB RAM, 128 GB SSD, Windows 10 Home)",/gp/slredirect/picassoRedirect.html/ref=pa_sp_mtf_aps_sr_pg1_1?ie=UTF8&adId=A09662751NKGWDC87IIUW&url=%2FHP-Pavilion-15-6-Inch-Laptop%2Fdp%2FB07KXLRBYX%2Fref%3Dsr_1_11_sspa%3Fcrid%3D20V8GTNKKS8GF%26keywords%3Dlaptop%26qid%3D1556190570%26s%3Dgateway%26sprefix%3Dla%252Caps%252C167%26sr%3D8-11-spons%26psc%3D1&qualifier=1556190570&id=8871860184447689&widgetName=sp_mtf,"529
."
"HP Pavilion x360 14-ba104na 14-Inch FHD Touch Screen Convertible Laptop - (Silver) (Intel i5-8250U, 8 GB RAM, 256 GB SSD, Intel UHD Graphics 620, Windows 10 Home)",/gp/slredirect/picassoRedirect.html/ref=pa_sp_mtf_aps_sr_pg1_2?ie=UTF8&adId=A0966219IURXW4183R8O&url=%2FHP-Pavilion-14-ba104na-14-Inch-Convertible%2Fdp%2FB07954639R%2Fref%3Dsr_1_12_sspa%3Fcrid%3D20V8GTNKKS8GF%26keywords%3Dlaptop%26qid%3D1556190570%26s%3Dgateway%26sprefix%3Dla%252Caps%252C167%26sr%3D8-12-spons%26psc%3D1&qualifier=1556190570&id=8871860184447689&widgetName=sp_mtf,"695
."
"HP Pavilion 15.6 Inch Full HD Laptop - (Mineral Silver) (AMD Ryzen 5 2500U, 8 GB RAM, 128 GB SSD, Windows 10 Home)",/gp/slredirect/picassoRedirect.html/ref=pa_sp_btf_aps_sr_pg1_1?ie=UTF8&adId=A09663752E29553TYC1S3&url=%2FHP-Pavilion-15-6-Inch-Laptop%2Fdp%2FB07KPSZK8P%2Fref%3Dsr_1_21_sspa%3Fcrid%3D20V8GTNKKS8GF%26keywords%3Dlaptop%26qid%3D1556190570%26s%3Dgateway%26sprefix%3Dla%252Caps%252C167%26sr%3D8-21-spons%26psc%3D1&qualifier=1556190570&id=8871860184447689&widgetName=sp_btf,"574
."
"HP 17-ca0007na 17.3 Inch Laptop - (Black) (AMD Ryzen 3 - 2200U, 8 GB RAM, 1 TB HDD, AMD Radeon Vega 3 Graphics, Windows 10 Home)",/gp/slredirect/picassoRedirect.html/ref=pa_sp_btf_aps_sr_pg1_2?ie=UTF8&adId=A09666191GCVR0D3STZA3&url=%2FHP-17-ca0007na-17-3-Inch-Laptop%2Fdp%2FB07DPCWTNS%2Fref%3Dsr_1_22_sspa%3Fcrid%3D20V8GTNKKS8GF%26keywords%3Dlaptop%26qid%3D1556190570%26s%3Dgateway%26sprefix%3Dla%252Caps%252C167%26sr%3D8-22-spons%26psc%3D1&qualifier=1556190570&id=8871860184447689&widgetName=sp_btf,"419
."
"HP 14 Inch Full HD Laptop - (Grey) (Intel Core i3-7020U, 4 GB RAM, 128 GB SSD, Windows 10 Home)",/gp/slredirect/picassoRedirect.html/ref=pa_sp_atf_next_aps_sr_pg2_1?ie=UTF8&adId=A09586073E38QPJ87CYY&url=%2FHP-14-Inch-Full-Laptop%2Fdp%2FB07M9SJGK1%2Fref%3Dsr_1_17_sspa%3Fcrid%3D20V8GTNKKS8GF%26keywords%3Dlaptop%26qid%3D1556190573%26s%3Dgateway%26sprefix%3Dla%252Caps%252C167%26sr%3D8-17-spons%26psc%3D1&qualifier=1556190573&id=7978758600817789&widgetName=sp_atf_next,"389
."
"10.6"" Full HD Laptop Computer Lapbook with Windows 10 Notebook PC, T50 Model, 1920*1080 IPS, Intel Quad-Core, 2GB RAM Lightest Laptop Computer (Refurbished)",/gp/slredirect/picassoRedirect.html/ref=pa_sp_atf_next_aps_sr_pg2_2?ie=UTF8&adId=A10288092WW6PEZ6DBLPN&url=%2FComputer-Notebook-Quad-Core-Lightest-Refurbished%2Fdp%2FB07QN7HFST%2Fref%3Dsr_1_18_sspa%3Fcrid%3D20V8GTNKKS8GF%26keywords%3Dlaptop%26qid%3D1556190573%26s%3Dgateway%26sprefix%3Dla%252Caps%252C167%26sr%3D8-18-spons%26psc%3D1&qualifier=1556190573&id=7978758600817789&widgetName=sp_atf_next,"89
."
"13.3in Full HD Laptop Computer Lapbook with Windows 10 Notebook PC, T95 Pro Model, 1920*1080 IPS, Intel Quad-Core, 2GB RAM, Slim Windows Laptop (13.3in) (Renewed)",/gp/slredirect/picassoRedirect.html/ref=pa_sp_mtf_aps_sr_pg2_1?ie=UTF8&adId=A10289651PWDDMIYXMX4L&url=%2FComputer-Lapbook-Windows-Notebook-Quad-Core%2Fdp%2FB07QN76KPY%2Fref%3Dsr_1_27_sspa%3Fcrid%3D20V8GTNKKS8GF%26keywords%3Dlaptop%26qid%3D1556190573%26s%3Dgateway%26sprefix%3Dla%252Caps%252C167%26sr%3D8-27-spons%26psc%3D1&qualifier=1556190573&id=7978758600817789&widgetName=sp_mtf,"99
."
"14.1in Full HD Windows 10 Laptop - 4GB RAM 32GB Storage, T90B+ Pro Model Lapbook, Intel 64-bit USB 3.0, 5GHz WIFI (Dual-Band WIFI) 2x WIFI speeds, Supports 256GB tf-card and 1TB HDD (Renewed)",/gp/slredirect/picassoRedirect.html/ref=pa_sp_mtf_aps_sr_pg2_2?ie=UTF8&adId=A10286532NUVQGX5INS0P&url=%2F14-1in-Full-Windows-Laptop-Dual-Band%2Fdp%2FB07QN47GFD%2Fref%3Dsr_1_28_sspa%3Fcrid%3D20V8GTNKKS8GF%26keywords%3Dlaptop%26qid%3D1556190573%26s%3Dgateway%26sprefix%3Dla%252Caps%252C167%26sr%3D8-28-spons%26psc%3D1&qualifier=1556190573&id=7978758600817789&widgetName=sp_mtf,"149
."
"ASUS VivoBook E201NA-GJ008T-OSS 11.6 Inch HD Notebook - (Blue/Grey) (Intel Celeron Dual Core N3350, 4 GB RAM, 64 GB eMMC, Windows 10)",/gp/slredirect/picassoRedirect.html/ref=pa_sp_btf_aps_sr_pg2_2?ie=UTF8&adId=A00710873VJLJCKJASE0T&url=%2FASUS-VivoBook-E201NA-GJ008T-OSS-11-6-Inch-Notebook%2Fdp%2FB075FCF511%2Fref%3Dsr_1_38_sspa%3Fcrid%3D20V8GTNKKS8GF%26keywords%3Dlaptop%26qid%3D1556190573%26s%3Dgateway%26sprefix%3Dla%252Caps%252C167%26sr%3D8-38-spons%26psc%3D1&qualifier=1556190573&id=7978758600817789&widgetName=sp_btf,"159
."
"Acer Chromebook 11 CB3-132 - (Intel Celeron N3060, 2GB RAM, 16GB eMMC, 11.6 inch HD Display, Google Chrome OS, White)",/gp/slredirect/picassoRedirect.html/ref=pa_sp_atf_next_aps_sr_pg3_1?ie=UTF8&adId=A06227413REMKIAI48MWW&url=%2FAcer-Chromebook-11-CB3-132-Celeron%2Fdp%2FB07917WNCJ%2Fref%3Dsr_1_33_sspa%3Fcrid%3D20V8GTNKKS8GF%26keywords%3Dlaptop%26qid%3D1556190576%26s%3Dgateway%26sprefix%3Dla%252Caps%252C167%26sr%3D8-33-spons%26psc%3D1&qualifier=1556190576&id=1733480280244617&widgetName=sp_atf_next,"149
."
"Dell Chromebook 11 3000 11.6 Inch Notebook -(Black) Intel Celeron N3060, 4 GB RAM, 16 GB eMMC, Chrome OS",/gp/slredirect/picassoRedirect.html/ref=pa_sp_atf_next_aps_sr_pg3_2?ie=UTF8&adId=A06306892U2U3WYYGMG4I&url=%2FDell-Chromebook-Notebook-Celeron-Chrome%2Fdp%2FB07HZ377MN%2Fref%3Dsr_1_34_sspa%3Fcrid%3D20V8GTNKKS8GF%26keywords%3Dlaptop%26qid%3D1556190576%26s%3Dgateway%26sprefix%3Dla%252Caps%252C167%26sr%3D8-34-spons%26psc%3D1&qualifier=1556190576&id=1733480280244617&widgetName=sp_atf_next,"169
."
"ASUS Chromebook C223NA-GJ0014 11.6 Inch HD Notebook - (Grey) (Intel Celeron N3350 Processor, 4 GB RAM, 32 GB eMMC, Chrome OS)",/gp/slredirect/picassoRedirect.html/ref=pa_sp_mtf_aps_sr_pg3_1?ie=UTF8&adId=A032354280K5RKOOXKU6&url=%2FASUS-Chromebook-C223NA-GJ0014-Notebook-Processor%2Fdp%2FB07HJHMCX2%2Fref%3Dsr_1_43_sspa%3Fcrid%3D20V8GTNKKS8GF%26keywords%3Dlaptop%26qid%3D1556190576%26s%3Dgateway%26sprefix%3Dla%252Caps%252C167%26sr%3D8-43-spons%26psc%3D1&qualifier=1556190576&id=1733480280244617&widgetName=sp_mtf,"159
."
"Acer Chromebook 14 CB3-431 - (Intel Celeron N3060, 2GB RAM, 32GB eMMC, 14 inch HD Display, Google Chrome OS, Silver)",/gp/slredirect/picassoRedirect.html/ref=pa_sp_mtf_aps_sr_pg3_2?ie=UTF8&adId=A06228973G2INGIBJI7A2&url=%2FAcer-Chromebook-14-CB3-431-Celeron%2Fdp%2FB01NCU7BQD%2Fref%3Dsr_1_44_sspa%3Fcrid%3D20V8GTNKKS8GF%26keywords%3Dlaptop%26qid%3D1556190576%26s%3Dgateway%26sprefix%3Dla%252Caps%252C167%26sr%3D8-44-spons%26psc%3D1&qualifier=1556190576&id=1733480280244617&widgetName=sp_mtf,"194
."
"Huawei Matebook D 14-Inch Laptop - (Mystic Silver) (Ryzen 5 2500U Processor, 8 GB RAM, 256 GB SSD, Radeon Vega Graphics, Windows 10 Home)",/gp/slredirect/picassoRedirect.html/ref=pa_sp_btf_aps_sr_pg3_1?ie=UTF8&adId=A0612545VNCBV8N602TR&url=%2FHuawei-Matebook-14-Inch-Laptop-Processor%2Fdp%2FB07KV9J1PG%2Fref%3Dsr_1_53_sspa%3Fcrid%3D20V8GTNKKS8GF%26keywords%3Dlaptop%26qid%3D1556190576%26s%3Dgateway%26sprefix%3Dla%252Caps%252C167%26sr%3D8-53-spons%26psc%3D1&qualifier=1556190576&id=1733480280244617&widgetName=sp_btf,"559
."
"ASUS TUF FX505GD 15.6 Inch Slim Bezel FHD Gaming Laptop (Nvidia GTX 1050 4 GB Graphics, Intel i5-8300H Processor, 256 GB SSD, 8 GB RAM, Windows 10)",/gp/slredirect/picassoRedirect.html/ref=pa_sp_btf_aps_sr_pg3_2?ie=UTF8&adId=A0486609UE03YFS8ZXEL&url=%2FASUS-FX505GD-Graphics-i5-8300H-Processor%2Fdp%2FB07NY2JD32%2Fref%3Dsr_1_54_sspa%3Fcrid%3D20V8GTNKKS8GF%26keywords%3Dlaptop%26qid%3D1556190576%26s%3Dgateway%26sprefix%3Dla%252Caps%252C167%26sr%3D8-54-spons%26psc%3D1&qualifier=1556190576&id=1733480280244617&widgetName=sp_btf,"649
."
"HP Spectre 13 x 360 13.3 Inch Full HD Touch-screen Convertible Laptop with Stylus - (Dark Ash Silver) (Intel Core i5-8265U, 8 GB RAM, 256 GB SSD, Full HD IR Webcam, Windows 10 Home)",/gp/slredirect/picassoRedirect.html/ref=pa_sp_atf_next_aps_sr_pg4_1?ie=UTF8&adId=A02475571ZOCQD1BWQVE0&url=%2FHP-Spectre-Touch-screen-Convertible-Laptop%2Fdp%2FB07JCDW8Y9%2Fref%3Dsr_1_49_sspa%3Fcrid%3D20V8GTNKKS8GF%26keywords%3Dlaptop%26qid%3D1556190578%26s%3Dgateway%26sprefix%3Dla%252Caps%252C167%26sr%3D8-49-spons%26psc%3D1&qualifier=1556190578&id=2982887657923726&widgetName=sp_atf_next,"999
."
"HP ENVY 13-ah0003na 13.3-Inch FHD Touch Screen Laptop - (Silver) (Intel i7-8550U, 16 GB RAM, 512 GB SSD, NVIDIA GeForce MX150, 2 GB dedicated, Windows 10 Home)",/gp/slredirect/picassoRedirect.html/ref=pa_sp_atf_next_aps_sr_pg4_2?ie=UTF8&adId=A02471652FH7AQDMJ7BFW&url=%2FHP-13-ah0003na-13-3-Inch-Screen-Laptop%2Fdp%2FB07F35Z36K%2Fref%3Dsr_1_50_sspa%3Fcrid%3D20V8GTNKKS8GF%26keywords%3Dlaptop%26qid%3D1556190578%26s%3Dgateway%26sprefix%3Dla%252Caps%252C167%26sr%3D8-50-spons%26psc%3D1&qualifier=1556190578&id=2982887657923726&widgetName=sp_atf_next,"999
."
"Dell Chromebook 11 3000 2-in-1 11.6 Inch Notebook - (Fog Grey) Intel Celeron N3060, 4 GB RAM, 64 GB eMMC, Chrome OS",/gp/slredirect/picassoRedirect.html/ref=pa_sp_mtf_aps_sr_pg4_1?ie=UTF8&adId=A062268531H3P6F2O5WRY&url=%2FDell-Chromebook-3000-11-6-Notebook%2Fdp%2FB07HZD3Q1G%2Fref%3Dsr_1_59_sspa%3Fcrid%3D20V8GTNKKS8GF%26keywords%3Dlaptop%26qid%3D1556190578%26s%3Dgateway%26sprefix%3Dla%252Caps%252C167%26sr%3D8-59-spons%26psc%3D1&qualifier=1556190578&id=2982887657923726&widgetName=sp_mtf,"229
."
"14.1"" Full HD Windows 10 Laptop - 4GB RAM 32GB Storage, A90B+ Pro Model Lapbook, Intel 64-bit USB 3.0, 5GHz WIFI (Dual-Band WIFI) 2x WIFI speeds, Supports 256GB tf-card and 1TB HDD (A90B+ PRO)",/gp/slredirect/picassoRedirect.html/ref=pa_sp_mtf_aps_sr_pg4_2?ie=UTF8&adId=A0591639AA86OOJEORDB&url=%2F14-1-Full-Windows-Laptop-Dual-Band%2Fdp%2FB07K2GT8M6%2Fref%3Dsr_1_60_sspa%3Fcrid%3D20V8GTNKKS8GF%26keywords%3Dlaptop%26qid%3D1556190578%26s%3Dgateway%26sprefix%3Dla%252Caps%252C167%26sr%3D8-60-spons%26psc%3D1&qualifier=1556190578&id=2982887657923726&widgetName=sp_mtf,"199
."
"Huawei MateBook 13-Inch Laptop - (Grey) (Intel Core i5, 8GB RAM, 256GB SSD, Intel HD Graphics 620, Windows 10 Home)",/gp/slredirect/picassoRedirect.html/ref=pa_sp_btf_aps_sr_pg4_1?ie=UTF8&adId=A0726666ZDSX8WRIB6CN&url=%2FHuawei-MateBook-13-Inch-Laptop-Graphics%2Fdp%2FB07NFJRL8K%2Fref%3Dsr_1_69_sspa%3Fcrid%3D20V8GTNKKS8GF%26keywords%3Dlaptop%26qid%3D1556190578%26s%3Dgateway%26sprefix%3Dla%252Caps%252C167%26sr%3D8-69-spons%26psc%3D1&qualifier=1556190578&id=2982887657923726&widgetName=sp_btf,"799
."
"HP Spectre 13 x 360 13.3 Inch Full HD Touch-Screen Convertible Laptop with Stylus - (Dark Ash Silver) (Intel Core i7-8565U, 16 GB RAM, 1 TB SSD, Full HD IR Webcam, Windows 10 Home)",/gp/slredirect/picassoRedirect.html/ref=pa_sp_atf_next_aps_sr_pg5_1?ie=UTF8&adId=A02470652ZVQ72TPE9MZE&url=%2FHP-Spectre-Touch-Screen-Convertible-Laptop%2Fdp%2FB07J6SMJ8V%2Fref%3Dsr_1_65_sspa%3Fcrid%3D20V8GTNKKS8GF%26keywords%3Dlaptop%26qid%3D1556190581%26s%3Dgateway%26sprefix%3Dla%252Caps%252C167%26sr%3D8-65-spons%26psc%3D1&qualifier=1556190581&id=4391091930191456&widgetName=sp_atf_next,"1,499
."
"HP ENVY 13-ah0001na 13.3-Inch FHD Touch Screen Laptop - (Silver) (Intel i5-8250U, 8 GB RAM, 256 GB SSD, NVIDIA GeForce MX150, 2 GB Dedicated, Windows 10 Home)",/gp/slredirect/picassoRedirect.html/ref=pa_sp_atf_next_aps_sr_pg5_2?ie=UTF8&adId=A0247713Q131FANB6VG6&url=%2FHP-13-ah0001na-13-3-Inch-Screen-Laptop%2Fdp%2FB07DM8V781%2Fref%3Dsr_1_66_sspa%3Fcrid%3D20V8GTNKKS8GF%26keywords%3Dlaptop%26qid%3D1556190581%26s%3Dgateway%26sprefix%3Dla%252Caps%252C167%26sr%3D8-66-spons%26psc%3D1&qualifier=1556190581&id=4391091930191456&widgetName=sp_atf_next,"799
."
"Apple MacBook 2017 (12 Inch, 1.2 GHz dual-core Intel Core m3, 8 GB RAM, 256 GB SSD) - Space Gray",/gp/slredirect/picassoRedirect.html/ref=pa_sp_mtf_aps_sr_pg5_1?ie=UTF8&adId=A074043925C99T48K6O3C&url=%2FApple-Macbook-MNYF2-Intel%25C2%25AE-GRAPHICS%2Fdp%2FB072VBFC6G%2Fref%3Dsr_1_75_sspa%3Fcrid%3D20V8GTNKKS8GF%26keywords%3Dlaptop%26qid%3D1556190581%26s%3Dgateway%26sprefix%3Dla%252Caps%252C167%26sr%3D8-75-spons%26psc%3D1&qualifier=1556190581&id=4391091930191456&widgetName=sp_mtf,"1,149
."
"Apple MacBook Pro (13 Inch Retina, 2.3 GHz Dual-Core Intel Core i5, 8 GB RAM, 128 GB SSD) - Silver (Latest Model)",/gp/slredirect/picassoRedirect.html/ref=pa_sp_mtf_aps_sr_pg5_2?ie=UTF8&adId=A07398831SBHGOL8WRMR0&url=%2FApple-Macbook-MPXR2B-Processor-Graphics%2Fdp%2FB071X66RKB%2Fref%3Dsr_1_76_sspa%3Fcrid%3D20V8GTNKKS8GF%26keywords%3Dlaptop%26qid%3D1556190581%26s%3Dgateway%26sprefix%3Dla%252Caps%252C167%26sr%3D8-76-spons%26psc%3D1&qualifier=1556190581&id=4391091930191456&widgetName=sp_mtf,"1,129
."
"Google Pixelbook Chromebook 12.3 Inch Laptop - (White) (Intel Core i5 Processor, 8 GB RAM, 128 GB SDD, Chrome OS)",/gp/slredirect/picassoRedirect.html/ref=pa_sp_btf_aps_sr_pg5_1?ie=UTF8&adId=A0630533C98VOL10KKBL&url=%2FGoogle-Pixelbook-i5-7Y57-1600Pixel-Chromebook%2Fdp%2FB0776WCLHL%2Fref%3Dsr_1_85_sspa%3Fcrid%3D20V8GTNKKS8GF%26keywords%3Dlaptop%26qid%3D1556190581%26s%3Dgateway%26sprefix%3Dla%252Caps%252C167%26sr%3D8-85-spons%26psc%3D1&qualifier=1556190581&id=4391091930191456&widgetName=sp_btf,"849
."
"Huawei MateBook 13-Inch Laptop - (Grey) (Intel Core i7, 8GB RAM, 512GB SSD, Intel HD Graphics 620, Windows 10 Home)",/gp/slredirect/picassoRedirect.html/ref=pa_sp_btf_aps_sr_pg5_2?ie=UTF8&adId=A0726766232GCNQNB8ITK&url=%2FHuawei-MateBook-13-Inch-Laptop-Graphics%2Fdp%2FB07NFJ5LVN%2Fref%3Dsr_1_86_sspa%3Fcrid%3D20V8GTNKKS8GF%26keywords%3Dlaptop%26qid%3D1556190581%26s%3Dgateway%26sprefix%3Dla%252Caps%252C167%26sr%3D8-86-spons%26psc%3D1&qualifier=1556190581&id=4391091930191456&widgetName=sp_btf,"1,039
."
"Apple MacBook Air 2017 (13 Inch, 1.8 GHz dual-core Intel Core i5, 8 GB RAM, 128 GB SSD) - Silver",/gp/slredirect/picassoRedirect.html/ref=pa_sp_atf_next_aps_sr_pg6_1?ie=UTF8&adId=A07395472VXAZ9WGR9NZ9&url=%2FApple-Macbook-MQD32-Intel-GRAPH%2Fdp%2FB071X4YWBD%2Fref%3Dsr_1_81_sspa%3Fcrid%3D20V8GTNKKS8GF%26keywords%3Dlaptop%26qid%3D1556190584%26s%3Dgateway%26sprefix%3Dla%252Caps%252C167%26sr%3D8-81-spons%26psc%3D1&qualifier=1556190583&id=1768660170237768&widgetName=sp_atf_next,"789
."
"HP Spectre 13 x360 13.3-Inch Full HD Touch-screen Convertible Laptop with Stylus - (Dark Ash Silver) (Intel Core i7-8565U, 8 GB RAM, 512 GB SSD, Full HD IR Webcam, Windows 10 Home)",/gp/slredirect/picassoRedirect.html/ref=pa_sp_atf_next_aps_sr_pg6_2?ie=UTF8&adId=A024722114L83GXUX8MQ9&url=%2FHP-Spectre-13-3-Inch-Touch-screen-Convertible%2Fdp%2FB07JCDW8Y8%2Fref%3Dsr_1_82_sspa%3Fcrid%3D20V8GTNKKS8GF%26keywords%3Dlaptop%26qid%3D1556190584%26s%3Dgateway%26sprefix%3Dla%252Caps%252C167%26sr%3D8-82-spons%26psc%3D1&qualifier=1556190583&id=1768660170237768&widgetName=sp_atf_next,"1,199
."
"Apple MacBook Pro (13-inch MacBook Pro: 2.3GHz dual-core i5, 128GB - Space Grey)",/gp/slredirect/picassoRedirect.html/ref=pa_sp_mtf_aps_sr_pg6_1?ie=UTF8&adId=A07400391BPQT5EY6Y1HA&url=%2FApple-MPXQ2B-MacBook-Pro-2017%2Fdp%2FB072N2G4L7%2Fref%3Dsr_1_91_sspa%3Fcrid%3D20V8GTNKKS8GF%26keywords%3Dlaptop%26qid%3D1556190584%26s%3Dgateway%26sprefix%3Dla%252Caps%252C167%26sr%3D8-91-spons%26psc%3D1&qualifier=1556190583&id=1768660170237768&widgetName=sp_mtf,"1,124
."
"Apple MacBook (12"", 1.3GHz dual-core Intel Core i5, 8GB RAM, 512GB SSD) - Silver",/gp/slredirect/picassoRedirect.html/ref=pa_sp_mtf_aps_sr_pg6_2?ie=UTF8&adId=A074019513OECTZYOF8QL&url=%2FApple-MacBook-1-3GHz-dual-core-Intel%2Fdp%2FB072KK14WH%2Fref%3Dsr_1_92_sspa%3Fcrid%3D20V8GTNKKS8GF%26keywords%3Dlaptop%26qid%3D1556190584%26s%3Dgateway%26sprefix%3Dla%252Caps%252C167%26sr%3D8-92-spons%26psc%3D1&qualifier=1556190583&id=1768660170237768&widgetName=sp_mtf,"1,484
."
"ASUS X540NA-GQ232T 15.6 Inch HD Laptop - (Chocolate Black) (Intel Pentium N4200, 4 GB RAM, 1 TB HDD, Windows 10)",/gp/slredirect/picassoRedirect.html/ref=pa_sp_btf_aps_sr_pg6_1?ie=UTF8&adId=A07985121HGPAJL94R80N&url=%2FASUS-X540NA-GQ232T-Chocolate-Pentium-Windows%2Fdp%2FB07FF9SXJT%2Fref%3Dsr_1_101_sspa%3Fcrid%3D20V8GTNKKS8GF%26keywords%3Dlaptop%26qid%3D1556190584%26s%3Dgateway%26sprefix%3Dla%252Caps%252C167%26sr%3D8-101-spons%26psc%3D1&qualifier=1556190583&id=1768660170237768&widgetName=sp_btf,"249
."
"Jumper Ezbook X3 13.3"" HD Windows 10 Laptop - 6GB RAM 64GB Storage, Intel 64-bit USB 3.0, 5GHz WIFI (Dual-Band WIFI) 2x WIFI Speeds, Supports 128GB tf-card",/gp/slredirect/picassoRedirect.html/ref=pa_sp_btf_aps_sr_pg6_2?ie=UTF8&adId=A05113103TC63UCK4GJJN&url=%2FJumper-Ezbook-13-3-Windows-Laptop%2Fdp%2FB07NVC1L7X%2Fref%3Dsr_1_102_sspa%3Fcrid%3D20V8GTNKKS8GF%26keywords%3Dlaptop%26qid%3D1556190584%26s%3Dgateway%26sprefix%3Dla%252Caps%252C167%26sr%3D8-102-spons%26psc%3D1&qualifier=1556190583&id=1768660170237768&widgetName=sp_btf,"210
."
"Apple MacBook Pro (13 Inch Retina, 2.3 GHz dual-Core Intel Core i5, 8 GB RAM, 256 GB SSD) - Silver (Latest Model)",/gp/slredirect/picassoRedirect.html/ref=pa_sp_atf_next_aps_sr_pg7_1?ie=UTF8&adId=A07396034OMZ43Y2VBUO&url=%2FApple-Macbook-MPXT2-Intel-Flash%2Fdp%2FB0721M7D7Z%2Fref%3Dsr_1_97_sspa%3Fcrid%3D20V8GTNKKS8GF%26keywords%3Dlaptop%26qid%3D1556190586%26s%3Dgateway%26sprefix%3Dla%252Caps%252C167%26sr%3D8-97-spons%26psc%3D1&qualifier=1556190586&id=5790575232575329&widgetName=sp_atf_next,"1,334
."
"Apple MacBook (12"", 1.2GHz dual-core Intel Core m3, 8GB RAM, 256GB SSD) - Silver",/gp/slredirect/picassoRedirect.html/ref=pa_sp_atf_next_aps_sr_pg7_2?ie=UTF8&adId=A074012729FZYYEJAHMV8&url=%2FApple-Macbook-MNYF2-Intel%25C2%25AE-GRAPHICS%2Fdp%2FB0721M6X7D%2Fref%3Dsr_1_98_sspa%3Fcrid%3D20V8GTNKKS8GF%26keywords%3Dlaptop%26qid%3D1556190586%26s%3Dgateway%26sprefix%3Dla%252Caps%252C167%26sr%3D8-98-spons%26psc%3D1&qualifier=1556190586&id=5790575232575329&widgetName=sp_atf_next,"1,149
."
"Jumper EZpad 6 Pro 2in1 Laptop Touchscreen 11.6"" Full HD, Touch screen Tablet Intel Apollo Lake N3450/2.2 GHz Quad Core Processor, 6GB RAM, 64GB Storage, Windows 10, Supports 128GB tf-card",/gp/slredirect/picassoRedirect.html/ref=pa_sp_mtf_aps_sr_pg7_1?ie=UTF8&adId=A08941443IBAAXOVU9P72&url=%2FTouchscreen-Processor-Storage-Windows-Supports%2Fdp%2FB07NVBX7KV%2Fref%3Dsr_1_107_sspa%3Fcrid%3D20V8GTNKKS8GF%26keywords%3Dlaptop%26qid%3D1556190586%26s%3Dgateway%26sprefix%3Dla%252Caps%252C167%26sr%3D8-107-spons%26psc%3D1%26smid%3DA2ZNF74EZP7MML&qualifier=1556190586&id=5790575232575329&widgetName=sp_mtf,"225
."
"Lenovo Ideapad 330S Full HD Laptop Intel Core i5-8250U, 4GB RAM, 128GB SSD, Windows 10, Blue, 14-inch",/gp/slredirect/picassoRedirect.html/ref=pa_sp_mtf_aps_sr_pg7_2?ie=UTF8&adId=A012540426OBRU1IQH7BV&url=%2FLenovo-Ideapad-330S-i5-8250U-Windows%2Fdp%2FB07K7GZ8BF%2Fref%3Dsr_1_108_sspa%3Fcrid%3D20V8GTNKKS8GF%26keywords%3Dlaptop%26qid%3D1556190586%26s%3Dgateway%26sprefix%3Dla%252Caps%252C167%26sr%3D8-108-spons%26psc%3D1&qualifier=1556190586&id=5790575232575329&widgetName=sp_mtf,
"ASUS VivoBook X420 14 Inch Full HD NanoEdge Full HD Laptop (Intel Core i3-7020U Processor, 128 GB SSD, 4 GB RAM, Windows 10)",/gp/slredirect/picassoRedirect.html/ref=pa_sp_btf_aps_sr_pg7_1?ie=UTF8&adId=A0068279244B4XCHNH3NP&url=%2FASUS-VivoBook-NanoEdge-i3-7020U-Processor%2Fdp%2FB07MWKBGK6%2Fref%3Dsr_1_117_sspa%3Fcrid%3D20V8GTNKKS8GF%26keywords%3Dlaptop%26qid%3D1556190586%26s%3Dgateway%26sprefix%3Dla%252Caps%252C167%26sr%3D8-117-spons%26psc%3D1&qualifier=1556190586&id=5790575232575329&widgetName=sp_btf,"404
."
"ASUS TUF FX505DY-BQ008T 15.6 Inch Full HD Slim Bezel Gaming Laptop - (Black) (AMD Ryzen R5-3550H Quad-Core Processor, RX560 4 GB Dedicated Graphics, 8 GB RAM, 1 TB FireCuda SSHD)",/gp/slredirect/picassoRedirect.html/ref=pa_sp_btf_aps_sr_pg7_2?ie=UTF8&adId=A00691716RMBQQ1E0JY2&url=%2FASUS-FX505DY-BQ008T-Bezel-Gaming-Laptop%2Fdp%2FB07MWMWB1H%2Fref%3Dsr_1_118_sspa%3Fcrid%3D20V8GTNKKS8GF%26keywords%3Dlaptop%26qid%3D1556190586%26s%3Dgateway%26sprefix%3Dla%252Caps%252C167%26sr%3D8-118-spons%26psc%3D1&qualifier=1556190586&id=5790575232575329&widgetName=sp_btf,"599
."
"Apple MacBook 2017 (12 Inch, 1.3 GHz dual-core Intel Core i5, 8 GB RAM, 512 GB SSD) - Space Gray",/gp/slredirect/picassoRedirect.html/ref=pa_sp_atf_next_aps_sr_pg8_1?ie=UTF8&adId=A07402831LPNKHS1UC0GR&url=%2FApple-Macbook-MNYG2-Intel%25C2%25AE-GRAPHICS%2Fdp%2FB072KGN4VB%2Fref%3Dsr_1_113_sspa%3Fcrid%3D20V8GTNKKS8GF%26keywords%3Dlaptop%26qid%3D1556190589%26s%3Dgateway%26sprefix%3Dla%252Caps%252C167%26sr%3D8-113-spons%26psc%3D1&qualifier=1556190589&id=3239550225496101&widgetName=sp_atf_next,"1,399
."
"Apple MacBook Pro (15"" Retina, Touch Bar, 2.2GHz 6-Core Intel Core i7, 16GB RAM, 256GB SSD) - Silver (Latest Model)",/gp/slredirect/picassoRedirect.html/ref=pa_sp_atf_next_aps_sr_pg8_2?ie=UTF8&adId=A0739303SQ9Z05G4G17L&url=%2FApple-MacBook-Retina-2-2GHz-6-Core%2Fdp%2FB07FVX3MFX%2Fref%3Dsr_1_114_sspa%3Fcrid%3D20V8GTNKKS8GF%26keywords%3Dlaptop%26qid%3D1556190589%26s%3Dgateway%26sprefix%3Dla%252Caps%252C167%26sr%3D8-114-spons%26psc%3D1&qualifier=1556190589&id=3239550225496101&widgetName=sp_atf_next,"2,240
."
"Huawei Matebook X PRO 13.9"" Laptop (Grey) 3k TouchScreen- 35.3 centimeters LCD Laptop (Grey) - Intel 8th Generation i7-8550U 1.8 GHz, 8 GB RAM, 512GB SDD, Geforce MX150, Windows 10 Pro",/gp/slredirect/picassoRedirect.html/ref=pa_sp_mtf_aps_sr_pg8_1?ie=UTF8&adId=A001088919U1Y30OE4NOL&url=%2FHuawei-Matebook-Laptop-TouchScreen-centimeters%2Fdp%2FB07GVQH4RD%2Fref%3Dsr_1_123_sspa%3Fcrid%3D20V8GTNKKS8GF%26keywords%3Dlaptop%26qid%3D1556190589%26s%3Dgateway%26sprefix%3Dla%252Caps%252C167%26sr%3D8-123-spons%26psc%3D1&qualifier=1556190589&id=3239550225496101&widgetName=sp_mtf,"1,249
."
"3 Pack Ultra Thin Webcam Cover Slide for Laptop, Computer, MacBook Pro, Mac, PC, iPones and Android Smartphones",/gp/slredirect/picassoRedirect.html/ref=pa_sp_mtf_aps_sr_pg8_2?ie=UTF8&adId=A05722862HU90J58GTS3X&url=%2FWebcam-Computer-MacBook-Android-Smartphones%2Fdp%2FB07JKQZRRW%2Fref%3Dsr_1_124_sspa%3Fcrid%3D20V8GTNKKS8GF%26keywords%3Dlaptop%26qid%3D1556190589%26s%3Dgateway%26sprefix%3Dla%252Caps%252C167%26sr%3D8-124-spons%26psc%3D1&qualifier=1556190589&id=3239550225496101&widgetName=sp_mtf,"4
."
"Acer Swift 5 SF514-52T Notebook - (Intel Core i7-8550U, 8GB RAM, 256GB SSD, 14"" FHD IPS Multi-touch Display, Blue)",/gp/slredirect/picassoRedirect.html/ref=pa_sp_btf_aps_sr_pg8_1?ie=UTF8&adId=A0010309G18DSDYQCJID&url=%2FAcer-Swift-SF514-52T-Notebook-Multi-touch%2Fdp%2FB07BQK8V9Q%2Fref%3Dsr_1_133_sspa%3Fcrid%3D20V8GTNKKS8GF%26keywords%3Dlaptop%26qid%3D1556190589%26s%3Dgateway%26sprefix%3Dla%252Caps%252C167%26sr%3D8-133-spons%26psc%3D1&qualifier=1556190589&id=3239550225496101&widgetName=sp_btf,"949
."
"ASUS VivoBook X512UA-EJ243T 15.6 Inch NanoEdge Full HD Laptop - (Slate Grey) (Intel Pentium Gold 4417 Processor, 256 GB SSD, 4 GB RAM, Windows 10)",/gp/slredirect/picassoRedirect.html/ref=pa_sp_btf_aps_sr_pg8_2?ie=UTF8&adId=A006901512OH3CZSS4M4J&url=%2FASUS-VivoBook-X512UA-EJ243T-NanoEdge-Laptop%2Fdp%2FB07MWD3X86%2Fref%3Dsr_1_134_sspa%3Fcrid%3D20V8GTNKKS8GF%26keywords%3Dlaptop%26qid%3D1556190589%26s%3Dgateway%26sprefix%3Dla%252Caps%252C167%26sr%3D8-134-spons%26psc%3D1&qualifier=1556190589&id=3239550225496101&widgetName=sp_btf,"349
."
"Apple MacBook Pro (15"" Retina, Touch Bar, 2.6GHz 6-Core Intel Core i7, 16GB RAM, 512GB SSD) - Silver (Latest Model)",/gp/slredirect/picassoRedirect.html/ref=pa_sp_atf_next_aps_sr_pg9_1?ie=UTF8&adId=A07391472I0U6YOWEPT42&url=%2FApple-MacBook-Retina-2-6GHz-6-Core%2Fdp%2FB07FMHC88B%2Fref%3Dsr_1_129_sspa%3Fcrid%3D20V8GTNKKS8GF%26keywords%3Dlaptop%26qid%3D1556190592%26s%3Dgateway%26sprefix%3Dla%252Caps%252C167%26sr%3D8-129-spons%26psc%3D1&qualifier=1556190591&id=5831869032527774&widgetName=sp_atf_next,"2,399
."
"XIDU PhilBook 2-in-1 Laptop Touchscreen 11.6"" Full HD (1920*1080) 360 Degrees Rotatable Tablets Intel Quad Core Atom Z8350 4GB RAM 64GB eMMC Flip Windows 10 Convertible Notebook",/gp/slredirect/picassoRedirect.html/ref=pa_sp_atf_next_aps_sr_pg9_2?ie=UTF8&adId=A0978834CQNSMIURBKPP&url=%2FXIDU-PhilBook-Touchscreen-Convertible-Bluetooth%2Fdp%2FB078HMR4QG%2Fref%3Dsr_1_130_sspa%3Fcrid%3D20V8GTNKKS8GF%26keywords%3Dlaptop%26qid%3D1556190592%26s%3Dgateway%26sprefix%3Dla%252Caps%252C167%26sr%3D8-130-spons%26psc%3D1&qualifier=1556190591&id=5831869032527774&widgetName=sp_atf_next,"203
."
"ASUS TUF FX705DU 17.3 Inch Full HD IPS Thin Bezel Gaming Laptop - (Black) (NVIDIA GTX1660Ti 6 GB Graphics, AMD Ryzen R7-3750H Quad-Core Processor, 512 GB PCI-e SSD, 8 GB RAM, Windows 10)",/gp/slredirect/picassoRedirect.html/ref=pa_sp_mtf_aps_sr_pg9_1?ie=UTF8&adId=A08158762V25BMGEBKGNK&url=%2FASUS-FX705DU-Bezel-Gaming-Laptop%2Fdp%2FB07QKHHRLK%2Fref%3Dsr_1_139_sspa%3Fcrid%3D20V8GTNKKS8GF%26keywords%3Dlaptop%26qid%3D1556190592%26s%3Dgateway%26sprefix%3Dla%252Caps%252C167%26sr%3D8-139-spons%26psc%3D1&qualifier=1556190591&id=5831869032527774&widgetName=sp_mtf,"1,249
."
"ASUS ZenBook UX430UA-GV414T 14 Inch Full HD Laptop - (Blue Metal) (Intel Core i5-8250U, 8 GB RAM, 256 GB SSD, Harman Kardon Speakers, Windows 10)",/gp/slredirect/picassoRedirect.html/ref=pa_sp_mtf_aps_sr_pg9_2?ie=UTF8&adId=A06706953183RQQ3AT5TD&url=%2FASUS-ZenBook-UX430UA-GV414T-Laptop-Metal%2Fdp%2FB07F3FRJCW%2Fref%3Dsr_1_140_sspa%3Fcrid%3D20V8GTNKKS8GF%26keywords%3Dlaptop%26qid%3D1556190592%26s%3Dgateway%26sprefix%3Dla%252Caps%252C167%26sr%3D8-140-spons%26psc%3D1&qualifier=1556190591&id=5831869032527774&widgetName=sp_mtf,"783
."
"Huawei Matebook X PRO , MACH-W19 13.9"" Laptop (Grey) 3k TouchScreen- 35.3 centimeters LCD Laptop - Intel 8th Generation i5-8250U 1.8 GHz, 8 GB RAM, 256GB SDD,Windows 10 Home",/gp/slredirect/picassoRedirect.html/ref=pa_sp_btf_aps_sr_pg9_1?ie=UTF8&adId=A067109532LMMFG8FI506&url=%2FHuawei-Matebook-PRO-13-9-Inch-Laptop%2Fdp%2FB07HWX2M9H%2Fref%3Dsr_1_149_sspa%3Fcrid%3D20V8GTNKKS8GF%26keywords%3Dlaptop%26qid%3D1556190592%26s%3Dgateway%26sprefix%3Dla%252Caps%252C167%26sr%3D8-149-spons%26psc%3D1&qualifier=1556190591&id=5831869032527774&widgetName=sp_btf,"1,049
."
"ASUS ROG Zephyrus S GX701GX-EV016R 17.3 Inch Full HD Display Gaming Laptop - (Black) (Nvidia RTX 2080 8 GB Graphics, Intel i7-8705H, 16 GB RAM, 1 TB PCI-e SSD, Windows 10)",/gp/slredirect/picassoRedirect.html/ref=pa_sp_btf_aps_sr_pg9_2?ie=UTF8&adId=A057681519GJBMM990TL7&url=%2FASUS-Zephyrus-GX701GX-EV016R-Display-Gaming%2Fdp%2FB07N1FSKGP%2Fref%3Dsr_1_150_sspa%3Fcrid%3D20V8GTNKKS8GF%26keywords%3Dlaptop%26qid%3D1556190592%26s%3Dgateway%26sprefix%3Dla%252Caps%252C167%26sr%3D8-150-spons%26psc%3D1&qualifier=1556190591&id=5831869032527774&widgetName=sp_btf,"3,175
."
"Apple MacBook Pro (13 Inch Retina, 2.3 GHz dual-Core Intel Core i5, 8 GB RAM, 256 GB SSD) - Space Grey (Latest Model)",/gp/slredirect/picassoRedirect.html/ref=pa_sp_atf_next_aps_sr_pg10_1?ie=UTF8&adId=A0739727306NXP09HYSRN&url=%2FApple-13-Inch-Macbook-Pro-Retina%2Fdp%2FB071K84QM1%2Fref%3Dsr_1_145_sspa%3Fcrid%3D20V8GTNKKS8GF%26keywords%3Dlaptop%26qid%3D1556190594%26s%3Dgateway%26sprefix%3Dla%252Caps%252C167%26sr%3D8-145-spons%26psc%3D1&qualifier=1556190594&id=7978920400520176&widgetName=sp_atf_next,"1,319
."
"Lenovo Ideapad 320 17-Inch Laptop - (Grey) (Intel I7-8550U Processor, 8 GB RAM, 1 TB HDD, GeForce MX150 Graphics Card, Windows 10 Home)",/gp/slredirect/picassoRedirect.html/ref=pa_sp_atf_next_aps_sr_pg10_2?ie=UTF8&adId=A00108651Q69QK9XHZOGG&url=%2FLenovo-Ideapad-320-17-Inch-Laptop%2Fdp%2FB079Y4DHMP%2Fref%3Dsr_1_146_sspa%3Fcrid%3D20V8GTNKKS8GF%26keywords%3Dlaptop%26qid%3D1556190594%26s%3Dgateway%26sprefix%3Dla%252Caps%252C167%26sr%3D8-146-spons%26psc%3D1&qualifier=1556190594&id=7978920400520176&widgetName=sp_atf_next,"719
."
"ASUS VivoBook Slim S410UA-BV134T 14 Inch Laptop - (Grey) (Intel Core i5-8250U, 8 GB RAM, 512 GB SSD, Windows 10)",/gp/slredirect/picassoRedirect.html/ref=pa_sp_mtf_aps_sr_pg10_1?ie=UTF8&adId=A00105532EY2T3F3DS0A4&url=%2FASUS-ZenBook-UX430UA-GV415T-14-Inch-Nano-Edge%2Fdp%2FB078H7WSR1%2Fref%3Dsr_1_155_sspa%3Fcrid%3D20V8GTNKKS8GF%26keywords%3Dlaptop%26qid%3D1556190594%26s%3Dgateway%26sprefix%3Dla%252Caps%252C167%26sr%3D8-155-spons%26psc%3D1&qualifier=1556190594&id=7978920400520176&widgetName=sp_mtf,"849
."
"ASUS VivoBook S430 14 Inch Full HD NanoEdge Laptop (Intel i3-8145 Processor, 256 GB SSD, 4 GB RAM, Windows 10)",/gp/slredirect/picassoRedirect.html/ref=pa_sp_mtf_aps_sr_pg10_2?ie=UTF8&adId=A00676992ZHHOS8CVX51A&url=%2FASUS-VivoBook-NanoEdge-i3-8145-Processor%2Fdp%2FB07L6VD2MY%2Fref%3Dsr_1_156_sspa%3Fcrid%3D20V8GTNKKS8GF%26keywords%3Dlaptop%26qid%3D1556190594%26s%3Dgateway%26sprefix%3Dla%252Caps%252C167%26sr%3D8-156-spons%26psc%3D1&qualifier=1556190594&id=7978920400520176&widgetName=sp_mtf,"499
."
"ASUS VivoBook S15 S530FA-EJ201T 15.6 Inch Full HD NanoEdge Laptop - (Grey/Yellow) (Intel i5-8265 Processor, 256 GB SSD, 8 GB RAM, Windows 10)",/gp/slredirect/picassoRedirect.html/ref=pa_sp_btf_aps_sr_pg10_1?ie=UTF8&adId=A06705951LM9TEQT0R75H&url=%2FASUS-VivoBook-S530FA-EJ201T-NanoEdge-Laptop%2Fdp%2FB07MWD81QN%2Fref%3Dsr_1_165_sspa%3Fcrid%3D20V8GTNKKS8GF%26keywords%3Dlaptop%26qid%3D1556190594%26s%3Dgateway%26sprefix%3Dla%252Caps%252C167%26sr%3D8-165-spons%26psc%3D1&qualifier=1556190594&id=7978920400520176&widgetName=sp_btf,"599
."
"Huawei Matebook X PRO 13.89-Inch Laptop - (Grey) (Intel i7-8550U Processor, 16 GB RAM, 512 GB SDD, Geforce MX150 Graphics, Windows 10 Home)",/gp/slredirect/picassoRedirect.html/ref=pa_sp_btf_aps_sr_pg10_2?ie=UTF8&adId=A0010709V7Z67I64GNEX&url=%2FHuawei-Matebook-PRO-13-89-Inch-Laptop%2Fdp%2FB07KCJGGW3%2Fref%3Dsr_1_166_sspa%3Fcrid%3D20V8GTNKKS8GF%26keywords%3Dlaptop%26qid%3D1556190594%26s%3Dgateway%26sprefix%3Dla%252Caps%252C167%26sr%3D8-166-spons%26psc%3D1&qualifier=1556190594&id=7978920400520176&widgetName=sp_btf,"1,499
."
"ASUS VivoBook S15 S530 15.6 Inch Full HD NanoEdge Laptop (Intel i5-8265 Processor, 256 GB SSD, 8 GB RAM, Windows 10)",/gp/slredirect/picassoRedirect.html/ref=pa_sp_atf_next_aps_sr_pg11_1?ie=UTF8&adId=A067038329SKX2CX15C5B&url=%2FASUS-VivoBook-NanoEdge-i5-8265-Processor%2Fdp%2FB07MWDHKXY%2Fref%3Dsr_1_161_sspa%3Fcrid%3D20V8GTNKKS8GF%26keywords%3Dlaptop%26qid%3D1556190597%26s%3Dgateway%26sprefix%3Dla%252Caps%252C167%26sr%3D8-161-spons%26psc%3D1&qualifier=1556190597&id=1312708101205105&widgetName=sp_atf_next,"599
."
"Dell Chromebook 14 7000 14.0 Inch 2-in-1 FHD LED Backlit Touch IPS 2019 Laptop – (Grey) Intel Core i3-8130U, 4GB RAM, 128 GB eMMC, Chrome OS",/gp/slredirect/picassoRedirect.html/ref=pa_sp_atf_next_aps_sr_pg11_2?ie=UTF8&adId=A01806941BWS2OKQTZEKH&url=%2FDell-Chromebook-Backlit-Touch-Laptop%2Fdp%2FB07P2JLF5F%2Fref%3Dsr_1_162_sspa%3Fcrid%3D20V8GTNKKS8GF%26keywords%3Dlaptop%26qid%3D1556190597%26s%3Dgateway%26sprefix%3Dla%252Caps%252C167%26sr%3D8-162-spons%26psc%3D1&qualifier=1556190597&id=1312708101205105&widgetName=sp_atf_next,"629
."
"ASUS ZenBook Flip UX362FA-EL142T 13.3 Inch Full HD 360-Degree Touchscreen Laptop - (Royal Blue/ Sand Blast+Concentric circle) (Intel i5-8265 Processor, 8 GB RAM, 256 GB SSD, Windows 10)",/gp/slredirect/picassoRedirect.html/ref=pa_sp_mtf_aps_sr_pg11_1?ie=UTF8&adId=A024310024S7GFWJLR13D&url=%2FASUS-ZenBook-UX362FA-EL142T-360-Degree-Touchscreen%2Fdp%2FB07MWN3MT3%2Fref%3Dsr_1_171_sspa%3Fcrid%3D20V8GTNKKS8GF%26keywords%3Dlaptop%26qid%3D1556190597%26s%3Dgateway%26sprefix%3Dla%252Caps%252C167%26sr%3D8-171-spons%26psc%3D1&qualifier=1556190597&id=1312708101205105&widgetName=sp_mtf,"999
."
"14.1"" Full HD Windows 10 Laptop - 4GB RAM, T90B+ Pro Model Lapbook, Intel 64-bit USB 3.0, 5GHz WIFI (Dual-Band WIFI) 2x WIFI speeds, Supports 256GB tf-card and 1TB HDD (32GB)",/gp/slredirect/picassoRedirect.html/ref=pa_sp_mtf_aps_sr_pg11_2?ie=UTF8&adId=A04223103E6YWLDD3ECYM&url=%2FComputer-T90B-Pro-Dual-Band-Bluetooth%2Fdp%2FB07D5H84NL%2Fref%3Dsr_1_172_sspa%3Fcrid%3D20V8GTNKKS8GF%26keywords%3Dlaptop%26qid%3D1556190597%26s%3Dgateway%26sprefix%3Dla%252Caps%252C167%26sr%3D8-172-spons%26psc%3D1&qualifier=1556190597&id=1312708101205105&widgetName=sp_mtf,"189
."
"ASUS ROG Zephyrus GX501GI-EI005T 15.6 Inch FHD 144 Hz with 3 ms Screen Gaming Laptop - (Black) (Intel Core i7-8750H Processor, 16 GB RAM, 512 GB PCI-e SSD, NVidia GTX1080 8 GB Max-Q, Windows 10)",/gp/slredirect/picassoRedirect.html/ref=pa_sp_btf_aps_sr_pg11_1?ie=UTF8&adId=A05741313DACPSED2BDI6&url=%2FASUS-Zephyrus-GX501GI-EI005T-15-6-Inch-Processor%2Fdp%2FB07BLZTYWK%2Fref%3Dsr_1_181_sspa%3Fcrid%3D20V8GTNKKS8GF%26keywords%3Dlaptop%26qid%3D1556190597%26s%3Dgateway%26sprefix%3Dla%252Caps%252C167%26sr%3D8-181-spons%26psc%3D1&qualifier=1556190597&id=1312708101205105&widgetName=sp_btf,"1,894
."
"ASUS ROG Strix GL703GM-EE014T 17.3 Inch FHD 120 Hz with 3 ms Screen Gaming Laptop - (Black) (Intel Core i7-8750H Processor, 16 GB RAM, 256 GB PCI-e SSD + 1TB SSHD, NVidia GTX1060 6 GB, Windows 10)",/gp/slredirect/picassoRedirect.html/ref=pa_sp_btf_aps_sr_pg11_2?ie=UTF8&adId=A0606435TO7E54QTPUIB&url=%2FASUS-GL703GM-EE014T-17-3-Inch-i7-8750H-Processor%2Fdp%2FB07BLZGF17%2Fref%3Dsr_1_182_sspa%3Fcrid%3D20V8GTNKKS8GF%26keywords%3Dlaptop%26qid%3D1556190597%26s%3Dgateway%26sprefix%3Dla%252Caps%252C167%26sr%3D8-182-spons%26psc%3D1&qualifier=1556190597&id=1312708101205105&widgetName=sp_btf,"1,599
."
"Lenovo IdeaPad 520S-14IKBR 14-Inch FHD Notebook 81BL008KUK - (Mineral Grey) (Intel Core i5-8250U, 8 GB RAM, 256 GB SSD, Windows 10 Home)",/gp/slredirect/picassoRedirect.html/ref=pa_sp_atf_next_aps_sr_pg12_1?ie=UTF8&adId=A06709393HGVMY4EKEJVB&url=%2FLenovo-IdeaPad-520S-14IKBR-Notebook-81BL008KUK%2Fdp%2FB0792HGRN3%2Fref%3Dsr_1_177_sspa%3Fcrid%3D20V8GTNKKS8GF%26keywords%3Dlaptop%26qid%3D1556190600%26s%3Dgateway%26sprefix%3Dla%252Caps%252C167%26sr%3D8-177-spons%26psc%3D1&qualifier=1556190599&id=8571715165926802&widgetName=sp_atf_next,"617
."
Sunydeal Replacement FOR 15-G261SA 710412-001 65W LAPTOP ADAPTER BATTERY CHARGER 19.5V 3.33A,/gp/slredirect/picassoRedirect.html/ref=pa_sp_atf_next_aps_sr_pg12_2?ie=UTF8&adId=A009628935UWE4SZITVPG&url=%2FSunydeal-Replacement-15-G261SA-710412-001-ADAPTER%2Fdp%2FB01ANKO17E%2Fref%3Dsr_1_178_sspa%3Fcrid%3D20V8GTNKKS8GF%26keywords%3Dlaptop%26qid%3D1556190600%26s%3Dgateway%26sprefix%3Dla%252Caps%252C167%26sr%3D8-178-spons%26psc%3D1&qualifier=1556190599&id=8571715165926802&widgetName=sp_atf_next,"11
."
"ASUS ROG Strix GL703GE-GC053T 17.3 Inch Full HD Gaming Laptop - (Black) (Intel i5-8300H Processor, 8GB RAM, 128GB PCI-e SSD + 1TB HDD, Nvidia GTX 1050Ti 4GB, Windows 10)",/gp/slredirect/picassoRedirect.html/ref=pa_sp_mtf_aps_sr_pg12_1?ie=UTF8&adId=A06958452UYGUX87ZNPGI&url=%2FASUS-Strix-GL703GE-GC053T-Gaming-Laptop%2Fdp%2FB07P3D6VRD%2Fref%3Dsr_1_187_sspa%3Fcrid%3D20V8GTNKKS8GF%26keywords%3Dlaptop%26qid%3D1556190600%26s%3Dgateway%26sprefix%3Dla%252Caps%252C167%26sr%3D8-187-spons%26psc%3D1&qualifier=1556190599&id=8571715165926802&widgetName=sp_mtf,"799
."
WiFi enabled Complete set of Dell OptiPlex Dual Core Windows 10 Desktop PC Computer (Renewed),/gp/slredirect/picassoRedirect.html/ref=pa_sp_mtf_aps_sr_pg12_2?ie=UTF8&adId=A10426733AYXYNNLN7ZCS&url=%2FComplete-Dell-OptiPlex-Certified-Refurbished%2Fdp%2FB012AUCJ8I%2Fref%3Dsr_1_188_sspa%3Fcrid%3D20V8GTNKKS8GF%26keywords%3Dlaptop%26qid%3D1556190600%26s%3Dgateway%26sprefix%3Dla%252Caps%252C167%26sr%3D8-188-spons%26psc%3D1&qualifier=1556190599&id=8571715165926802&widgetName=sp_mtf,"82
."
"OYYU Touchscreen Windows Laptop Convertible FHD IPS Touch Screen Windows 10 Business Flip laptops (13.3 inch,4GB RAM,32GB storage,360-Degree Rotation, 2 in 1 laptop Wifi Tablet PC)",/gp/slredirect/picassoRedirect.html/ref=pa_sp_btf_aps_sr_pg12_1?ie=UTF8&adId=A0679937300M718BAEA64&url=%2FOYYU-Touchscreen-Convertible-Business-360-Degree%2Fdp%2FB07JMSPLC4%2Fref%3Dsr_1_197_sspa%3Fcrid%3D20V8GTNKKS8GF%26keywords%3Dlaptop%26qid%3D1556190600%26s%3Dgateway%26sprefix%3Dla%252Caps%252C167%26sr%3D8-197-spons%26psc%3D1&qualifier=1556190599&id=8571715165926802&widgetName=sp_btf,"209
."
"ASUS VivoBook S430 14 Inch Full HD NanoEdge Laptop (Intel i5-8265 Processor, 512 GB SSD, 8 GB RAM, Windows 10)",/gp/slredirect/picassoRedirect.html/ref=pa_sp_btf_aps_sr_pg12_2?ie=UTF8&adId=A0670783261FHGL3DU1CZ&url=%2FASUS-VivoBook-NanoEdge-i5-8265-Processor%2Fdp%2FB07MWDDMJM%2Fref%3Dsr_1_198_sspa%3Fcrid%3D20V8GTNKKS8GF%26keywords%3Dlaptop%26qid%3D1556190600%26s%3Dgateway%26sprefix%3Dla%252Caps%252C167%26sr%3D8-198-spons%26psc%3D1&qualifier=1556190599&id=8571715165926802&widgetName=sp_btf,"699
."
"Dell Inspiron 15 3000 15.6 Inch FHD Laptop (Black) Intel Core i5-7200U, 4 GB RAM, 1 TB HDD, Windows 10 Home",/gp/slredirect/picassoRedirect.html/ref=pa_sp_atf_next_aps_sr_pg13_1?ie=UTF8&adId=A039911224HJSGPVXW6UH&url=%2FDell-Inspiron-Laptop-i5-7200U-Windows%2Fdp%2FB07G4VVCRQ%2Fref%3Dsr_1_193_sspa%3Fcrid%3D20V8GTNKKS8GF%26keywords%3Dlaptop%26qid%3D1556190603%26s%3Dgateway%26sprefix%3Dla%252Caps%252C167%26sr%3D8-193-spons%26psc%3D1&qualifier=1556190603&id=2252931817958180&widgetName=sp_atf_next,"384
."
"Acer Aspire 3 A315-41 Notebook - (AMD Ryzen 3 2200U, 8GB RAM, 1TB HDD, 15.6"" HD Display, Black)",/gp/slredirect/picassoRedirect.html/ref=pa_sp_atf_next_aps_sr_pg13_2?ie=UTF8&adId=A06921682IC4NW204FCUQ&url=%2FAcer-Aspire-A315-41-Notebook-Display%2Fdp%2FB07FLZ8T46%2Fref%3Dsr_1_194_sspa%3Fcrid%3D20V8GTNKKS8GF%26keywords%3Dlaptop%26qid%3D1556190603%26s%3Dgateway%26sprefix%3Dla%252Caps%252C167%26sr%3D8-194-spons%26psc%3D1&qualifier=1556190603&id=2252931817958180&widgetName=sp_atf_next,"429
."
"I-CHOOSE LIMITED Gembird GHS-001 Wired Gaming Headset with Rotating Boom Microphone/3.5mm Stereo Headphones for Laptop, PC, Desktop, Skype/Black/Red",/gp/slredirect/picassoRedirect.html/ref=pa_sp_mtf_aps_sr_pg13_1?ie=UTF8&adId=A07609179JQE3V6MBW5X&url=%2FI-CHOOSE-LIMITED-Rotating-Microphone-Headphones%2Fdp%2FB07C5594JP%2Fref%3Dsr_1_203_sspa%3Fcrid%3D20V8GTNKKS8GF%26keywords%3Dlaptop%26qid%3D1556190603%26s%3Dgateway%26sprefix%3Dla%252Caps%252C167%26sr%3D8-203-spons%26psc%3D1&qualifier=1556190603&id=2252931817958180&widgetName=sp_mtf,"9
."
"Acer Nitro 5 AN515-42 Gaming Notebook - (AMD Ryzen 5 2500U, 8GB RAM, 1TB HDD, AMD Radeon RX 560X 4G, 15.6"" FHD IPS Display, Black)",/gp/slredirect/picassoRedirect.html/ref=pa_sp_mtf_aps_sr_pg13_2?ie=UTF8&adId=A08521346TUE7Y6R3PY8&url=%2FAcer-Nitro-AN515-42-Gaming-Notebook%2Fdp%2FB07FLZ8NRG%2Fref%3Dsr_1_204_sspa%3Fcrid%3D20V8GTNKKS8GF%26keywords%3Dlaptop%26qid%3D1556190603%26s%3Dgateway%26sprefix%3Dla%252Caps%252C167%26sr%3D8-204-spons%26psc%3D1&qualifier=1556190603&id=2252931817958180&widgetName=sp_mtf,"699
."
"Acer Swift 5 SF514-52T Notebook - (Intel Core i5-8250U, 8GB RAM, 256GB SSD, 14"" FHD IPS Multi-touch Display, Blue)",/gp/slredirect/picassoRedirect.html/ref=pa_sp_btf_aps_sr_pg13_1?ie=UTF8&adId=A0937796CWAOKPHPR7QD&url=%2FAcer-Swift-SF514-52T-Notebook-Multi-touch%2Fdp%2FB078KFLTRQ%2Fref%3Dsr_1_213_sspa%3Fcrid%3D20V8GTNKKS8GF%26keywords%3Dlaptop%26qid%3D1556190603%26s%3Dgateway%26sprefix%3Dla%252Caps%252C167%26sr%3D8-213-spons%26psc%3D1&qualifier=1556190603&id=2252931817958180&widgetName=sp_btf,"899
."
"ASUS VivoBook S430 14 Inch Full HD NanoEdge Laptop - (Gun Metal) (Intel i7-8565 Processor, 512 GB SSD, 8 GB RAM, Windows 10)",/gp/slredirect/picassoRedirect.html/ref=pa_sp_btf_aps_sr_pg13_2?ie=UTF8&adId=A0067299LGSMBRQHVFAL&url=%2FASUS-VivoBook-S430-NanoEdge-Laptop%2Fdp%2FB07MWLBYW6%2Fref%3Dsr_1_214_sspa%3Fcrid%3D20V8GTNKKS8GF%26keywords%3Dlaptop%26qid%3D1556190603%26s%3Dgateway%26sprefix%3Dla%252Caps%252C167%26sr%3D8-214-spons%26psc%3D1&qualifier=1556190603&id=2252931817958180&widgetName=sp_btf,"799
."
"2-in-1 Laptop Tablet PC 11.6"" Full HD Windows 10 Jumper EZpad 6 Pro 6GB DDR3 64GB eMMC Lapbook Intel Apollo Lake N3450 Quad-Core Double Speaker USB 3.0 WIFI Bluetooth",/gp/slredirect/picassoRedirect.html/ref=pa_sp_atf_next_aps_sr_pg14_1?ie=UTF8&adId=A02833352YKO80LG4JER9&url=%2FWindows-Storage-Lapbook-Quad-Core-Bluetooth%2Fdp%2FB07DPM8HPQ%2Fref%3Dsr_1_209_sspa%3Fcrid%3D20V8GTNKKS8GF%26keywords%3Dlaptop%26qid%3D1556190606%26s%3Dgateway%26sprefix%3Dla%252Caps%252C167%26sr%3D8-209-spons%26psc%3D1&qualifier=1556190605&id=2660583188857433&widgetName=sp_atf_next,"198
."
"14.1"" Windows10 Ultrabook Jumper Ezbook 2 with Intel Cherrytrail Z8350 4GB RAM 64GB ROM Laptop with Dual USB 0.3MP Camera WIFI Bluetooth 10000mAh Big Battery PC",/gp/slredirect/picassoRedirect.html/ref=pa_sp_atf_next_aps_sr_pg14_2?ie=UTF8&adId=A05779673OK45WLABXP7B&url=%2FWindows10-Ultrabook-Cherrytrail-Bluetooth-10000mAh%2Fdp%2FB07KCTRJKK%2Fref%3Dsr_1_210_sspa%3Fcrid%3D20V8GTNKKS8GF%26keywords%3Dlaptop%26qid%3D1556190606%26s%3Dgateway%26sprefix%3Dla%252Caps%252C167%26sr%3D8-210-spons%26psc%3D1&qualifier=1556190605&id=2660583188857433&widgetName=sp_atf_next,"189
."
AmazonBasics Laptop Stand - Silver,/gp/slredirect/picassoRedirect.html/ref=pa_sp_mtf_aps_sr_pg14_1?ie=UTF8&adId=A04462712VC1CB5ZU47J8&url=%2FAmazonBasics-DSN-01750-SL-Laptop-Stand-Silver%2Fdp%2FB00WRDS0AU%2Fref%3Dsr_1_219_sspa%3Fcrid%3D20V8GTNKKS8GF%26keywords%3Dlaptop%26qid%3D1556190606%26s%3Dgateway%26sprefix%3Dla%252Caps%252C167%26sr%3D8-219-spons%26psc%3D1&qualifier=1556190605&id=2660583188857433&widgetName=sp_mtf,"11
."
"Yuntab 11.6-Inch 2-in-1 Laptop Tablet with IPS 1920*1080 FHD Touchscreen(Intel Atom Z8350, Quad-Core,2GB+32GB,Windows10,WI-FI,BT4.0,Dual camera 2MP+5MP,7500mAh battery capacity) (SILVER)",/gp/slredirect/picassoRedirect.html/ref=pa_sp_mtf_aps_sr_pg14_2?ie=UTF8&adId=A0788504PY98P7GFXIIA&url=%2F11-6-Inch-Touchscreen-Quad-Core-Windows10-capacity%2Fdp%2FB07D583XVH%2Fref%3Dsr_1_220_sspa%3Fcrid%3D20V8GTNKKS8GF%26keywords%3Dlaptop%26qid%3D1556190606%26s%3Dgateway%26sprefix%3Dla%252Caps%252C167%26sr%3D8-220-spons%26psc%3D1&qualifier=1556190605&id=2660583188857433&widgetName=sp_mtf,"159
."
"Acer Aspire 7 A715-71G Gaming Notebook - (Intel Core i5-7300HQ, 8GB RAM, 1TB HDD, NVIDIA GeForce GTX 1050 2G, 15.6"" FHD Display, Black)",/gp/slredirect/picassoRedirect.html/ref=pa_sp_btf_aps_sr_pg14_1?ie=UTF8&adId=A07014081Z7L2DW04YQKT&url=%2FAcer-Aspire-A715-71G-Gaming-Notebook%2Fdp%2FB077RRY18N%2Fref%3Dsr_1_229_sspa%3Fcrid%3D20V8GTNKKS8GF%26keywords%3Dlaptop%26qid%3D1556190606%26s%3Dgateway%26sprefix%3Dla%252Caps%252C167%26sr%3D8-229-spons%26psc%3D1&qualifier=1556190605&id=2660583188857433&widgetName=sp_btf,"761
."
"Acer Aspire 1 A111-31 Notebook - (Intel Celeron N4000, 2GB RAM, 32GB eMMC, 11.6"" HD Display, Blue)",/gp/slredirect/picassoRedirect.html/ref=pa_sp_btf_aps_sr_pg14_2?ie=UTF8&adId=A07005163I66E9TD6MOYZ&url=%2FAcer-Aspire-A111-31-Notebook-Celeron%2Fdp%2FB07FLWJL51%2Fref%3Dsr_1_230_sspa%3Fcrid%3D20V8GTNKKS8GF%26keywords%3Dlaptop%26qid%3D1556190606%26s%3Dgateway%26sprefix%3Dla%252Caps%252C167%26sr%3D8-230-spons%26psc%3D1&qualifier=1556190605&id=2660583188857433&widgetName=sp_btf,"149
."
"Jumper EZbook X3 13.3"" FHD Display Windows10 Home Ultrabook Intel Apollo Lake N3350 Laptop 6GB DDR3L RAM 64GB eMMC 2.4GHz/5.0GHz WiFi BT4.0 Support TF Card & SSD HDMI Notebook",/gp/slredirect/picassoRedirect.html/ref=pa_sp_atf_next_aps_sr_pg15_1?ie=UTF8&adId=A10277892WNC3LHR8R7GL&url=%2FDisplay-Windows10-Ultrabook-Support-Notebook%2Fdp%2FB07LGLFG89%2Fref%3Dsr_1_225_sspa%3Fcrid%3D20V8GTNKKS8GF%26keywords%3Dlaptop%26qid%3D1556190608%26s%3Dgateway%26sprefix%3Dla%252Caps%252C167%26sr%3D8-225-spons%26psc%3D1&qualifier=1556190608&id=7409750650788385&widgetName=sp_atf_next,"219
."
AmazonBasics DSLR and Laptop Backpack with Grey Interior,/gp/slredirect/picassoRedirect.html/ref=pa_sp_atf_next_aps_sr_pg15_2?ie=UTF8&adId=A08371093I7Y17HZJHTYQ&url=%2FAmazonBasics-DSLR-Laptop-Backpack-Interior%2Fdp%2FB00CD778LC%2Fref%3Dsr_1_226_sspa%3Fcrid%3D20V8GTNKKS8GF%26keywords%3Dlaptop%26qid%3D1556190608%26s%3Dgateway%26sprefix%3Dla%252Caps%252C167%26sr%3D8-226-spons%26psc%3D1&qualifier=1556190608&id=7409750650788385&widgetName=sp_atf_next,"39
."
AmazonBasics Laptop Sleeve for 14-Inch Laptops,/gp/slredirect/picassoRedirect.html/ref=pa_sp_mtf_aps_sr_pg15_1?ie=UTF8&adId=A00628892QEL8B4IU32FJ&url=%2FAmazonBasics-Laptop-Sleeve-14-Inch-Laptops%2Fdp%2FB00CD8AFFW%2Fref%3Dsr_1_235_sspa%3Fcrid%3D20V8GTNKKS8GF%26keywords%3Dlaptop%26qid%3D1556190608%26s%3Dgateway%26sprefix%3Dla%252Caps%252C167%26sr%3D8-235-spons%26psc%3D1&qualifier=1556190608&id=7409750650788385&widgetName=sp_mtf,"8
."
"USB Headset Over-Head Stereo 5.1 Headphones with Microphone Mic/Virtual Surround Sound/for PC, Computer, Laptop, Gaming, Music/Black / iCHOOSE",/gp/slredirect/picassoRedirect.html/ref=pa_sp_mtf_aps_sr_pg15_2?ie=UTF8&adId=A0760673J86ZBY07BAAA&url=%2FOver-Head-Headphones-Microphone-Surround-Computer%2Fdp%2FB01JACQQYW%2Fref%3Dsr_1_236_sspa%3Fcrid%3D20V8GTNKKS8GF%26keywords%3Dlaptop%26qid%3D1556190608%26s%3Dgateway%26sprefix%3Dla%252Caps%252C167%26sr%3D8-236-spons%26psc%3D1&qualifier=1556190608&id=7409750650788385&widgetName=sp_mtf,"14
."
"Windows 10, Dell Optiplex Desktop PC, Dual Core, 4GB Ram, 160GB Hard Drive, DVD (Renewed)",/gp/slredirect/picassoRedirect.html/ref=pa_sp_btf_aps_sr_pg15_1?ie=UTF8&adId=A09406381XE7FQG5RKLNV&url=%2FWindows-Dell-Optiplex-Certified-Refurbished%2Fdp%2FB01CEJEB5O%2Fref%3Dsr_1_245_sspa%3Fcrid%3D20V8GTNKKS8GF%26keywords%3Dlaptop%26qid%3D1556190608%26s%3Dgateway%26sprefix%3Dla%252Caps%252C167%26sr%3D8-245-spons%26psc%3D1&qualifier=1556190608&id=7409750650788385&widgetName=sp_btf,"68
."
"Dell Inspiron 15 3000 HD 15.6 Inch Anti-Glare LED-backlit 2019 Laptop (Black) Intel Pentium Silver N5000, 4 GB RAM, 1 TB HDD, Windows 10 Home",/gp/slredirect/picassoRedirect.html/ref=pa_sp_btf_aps_sr_pg15_2?ie=UTF8&adId=A0399668246FUZYMECXNC&url=%2FDell-Inspiron-Anti-Glare-LED-backlit-2019-Laptop-Pentium%2Fdp%2FB07MPW6R8J%2Fref%3Dsr_1_246_sspa%3Fcrid%3D20V8GTNKKS8GF%26keywords%3Dlaptop%26qid%3D1556190608%26s%3Dgateway%26sprefix%3Dla%252Caps%252C167%26sr%3D8-246-spons%26psc%3D1&qualifier=1556190608&id=7409750650788385&widgetName=sp_btf,"319
."
"Dell Inspiron 15 3000 HD 15.6 Inch Anti-Glare LED-Backlit 2019 Laptop - (Black) Intel Pentium Silver N5000, 8 GB RAM, 1 TB HDD, Windows 10 Home",/gp/slredirect/picassoRedirect.html/ref=pa_sp_atf_next_aps_sr_pg16_1?ie=UTF8&adId=A03995121L9UTFSEKGC3T&url=%2FDell-Inspiron-3000-Anti-Glare-LED-Backlit-2019-Laptop%2Fdp%2FB07MBTYC1H%2Fref%3Dsr_1_241_sspa%3Fcrid%3D20V8GTNKKS8GF%26keywords%3Dlaptop%26qid%3D1556190611%26s%3Dgateway%26sprefix%3Dla%252Caps%252C167%26sr%3D8-241-spons%26psc%3D1&qualifier=1556190610&id=414680771585698&widgetName=sp_atf_next,"399
."
KICO Insta-gram Personalised Photo (6) Laptop Tray,/gp/slredirect/picassoRedirect.html/ref=pa_sp_atf_next_aps_sr_pg16_2?ie=UTF8&adId=A1F6G5OH2G12V9&url=%2FKICO-Insta-gram-Personalised-Photo-Laptop%2Fdp%2FB009WNPUA6%2Fref%3Dsr_1_242_sspa%3Fcrid%3D20V8GTNKKS8GF%26keywords%3Dlaptop%26qid%3D1556190611%26s%3Dgateway%26sprefix%3Dla%252Caps%252C167%26sr%3D8-242-spons%26psc%3D1&qualifier=1556190610&id=414680771585698&widgetName=sp_atf_next,"30
."
"Acer Swift 3 SF315-52 Notebook - (Intel Core i7-8550U, 8GB RAM, 256GB SSD, 15.6"" FHD IPS Display, Silver)",/gp/slredirect/picassoRedirect.html/ref=pa_sp_mtf_aps_sr_pg16_1?ie=UTF8&adId=A0692012WKTRNE7XMOUD&url=%2FAcer-Swift-SF315-52-Notebook-i7-8550U%2Fdp%2FB07FNW3BCH%2Fref%3Dsr_1_251_sspa%3Fcrid%3D20V8GTNKKS8GF%26keywords%3Dlaptop%26qid%3D1556190611%26s%3Dgateway%26sprefix%3Dla%252Caps%252C167%26sr%3D8-251-spons%26psc%3D1&qualifier=1556190610&id=414680771585698&widgetName=sp_mtf,"785
."
"Acer Swift 5 SF514-52T Notebook - (Intel Core i7-8550U, 8GB RAM, 256GB SSD, 14"" FHD IPS Multi-touch Display, Gold)",/gp/slredirect/picassoRedirect.html/ref=pa_sp_mtf_aps_sr_pg16_2?ie=UTF8&adId=A07006043Q77GM5ZU20ZK&url=%2FAcer-Swift-SF514-52T-Notebook-Multi-touch%2Fdp%2FB07BQNFR4N%2Fref%3Dsr_1_252_sspa%3Fcrid%3D20V8GTNKKS8GF%26keywords%3Dlaptop%26qid%3D1556190611%26s%3Dgateway%26sprefix%3Dla%252Caps%252C167%26sr%3D8-252-spons%26psc%3D1&qualifier=1556190610&id=414680771585698&widgetName=sp_mtf,"999
."
"Acer Aspire 7 A715-72G Gaming Notebook - (Intel Core i5-7300HQ, 8GB RAM, 16GB Optane + 1TB HDD, NVIDIA GeForce GTX 1050 2G, 15.6"" FHD Display, Black)",/gp/slredirect/picassoRedirect.html/ref=pa_sp_btf_aps_sr_pg16_1?ie=UTF8&adId=A06917322DC5XAQ1JWNWZ&url=%2FAcer-Aspire-A715-72G-Gaming-Notebook%2Fdp%2FB07FM29QXN%2Fref%3Dsr_1_261_sspa%3Fcrid%3D20V8GTNKKS8GF%26keywords%3Dlaptop%26qid%3D1556190611%26s%3Dgateway%26sprefix%3Dla%252Caps%252C167%26sr%3D8-261-spons%26psc%3D1&qualifier=1556190610&id=414680771585698&widgetName=sp_btf,"747
."
"I-CHOOSE LIMITED Gembird GHS-402 Wired Gaming Headset with Rotating Boom Microphone / 3.5mm Stereo Headphones for Laptop, PC, Desktop, Skype/Black/Red",/gp/slredirect/picassoRedirect.html/ref=pa_sp_btf_aps_sr_pg16_2?ie=UTF8&adId=A07610733QEDKUSBZLHJI&url=%2FI-CHOOSE-LIMITED-Rotating-Microphone-Headphones%2Fdp%2FB07F78S6QW%2Fref%3Dsr_1_262_sspa%3Fcrid%3D20V8GTNKKS8GF%26keywords%3Dlaptop%26qid%3D1556190611%26s%3Dgateway%26sprefix%3Dla%252Caps%252C167%26sr%3D8-262-spons%26psc%3D1&qualifier=1556190610&id=414680771585698&widgetName=sp_btf,"12
."
Trconelectron New Replacement Battery for Packard Bell MS2267 MS2273 MS2274 MS2285 AS09A31 AS09A41 Battery Laptop,/gp/slredirect/picassoRedirect.html/ref=pa_sp_atf_next_aps_sr_pg17_1?ie=UTF8&adId=A0951881U2ZGMPVN9OJ4&url=%2FTrconelectron-Replacement-Packard-Bell-MS2267%2Fdp%2FB06VXXFLC3%2Fref%3Dsr_1_257_sspa%3Fcrid%3D20V8GTNKKS8GF%26keywords%3Dlaptop%26qid%3D1556190614%26s%3Dgateway%26sprefix%3Dla%252Caps%252C167%26sr%3D8-257-spons%26psc%3D1&qualifier=1556190613&id=4861122667198868&widgetName=sp_atf_next,"14
."
BIGMAC 10.1 Inch Computer Laptop PC Android 4.4 Dual Core Notebook Netbook 8GB With WIFI Built In Camera Netflix YouTube Google Player Flash (Black),/gp/slredirect/picassoRedirect.html/ref=pa_sp_atf_next_aps_sr_pg17_2?ie=UTF8&adId=A0367405C6553HAA3768&url=%2FBIGMAC-Computer-Android-Notebook-Netbook%2Fdp%2FB07F8PGNF6%2Fref%3Dsr_1_258_sspa%3Fcrid%3D20V8GTNKKS8GF%26keywords%3Dlaptop%26qid%3D1556190614%26s%3Dgateway%26sprefix%3Dla%252Caps%252C167%26sr%3D8-258-spons%26psc%3D1&qualifier=1556190613&id=4861122667198868&widgetName=sp_atf_next,"102
."
AmazonBasics 15 Inch Laptop Backpack,/gp/slredirect/picassoRedirect.html/ref=pa_sp_mtf_aps_sr_pg17_1?ie=UTF8&adId=A015134720LH547G47AC2&url=%2FAmazonBasics-15-Inch-Laptop-Backpack%2Fdp%2FB00EEBS25Q%2Fref%3Dsr_1_267_sspa%3Fcrid%3D20V8GTNKKS8GF%26keywords%3Dlaptop%26qid%3D1556190614%26s%3Dgateway%26sprefix%3Dla%252Caps%252C167%26sr%3D8-267-spons%26psc%3D1&qualifier=1556190613&id=4861122667198868&widgetName=sp_mtf,"19
."
"Dell Inspiron 15 5000 15.6 Inch FHD Laptop - (Platinum Silver) Intel Core i3-6006U Processor, 4 GB RAM, 1 TB HDD, Windows 10 Home",/gp/slredirect/picassoRedirect.html/ref=pa_sp_mtf_aps_sr_pg17_2?ie=UTF8&adId=A05081792QRS00O8PRYG1&url=%2FDell-Inspiron-5000-15-6-Inch-Laptop%2Fdp%2FB07HPR9H92%2Fref%3Dsr_1_268_sspa%3Fcrid%3D20V8GTNKKS8GF%26keywords%3Dlaptop%26qid%3D1556190614%26s%3Dgateway%26sprefix%3Dla%252Caps%252C167%26sr%3D8-268-spons%26psc%3D1&qualifier=1556190613&id=4861122667198868&widgetName=sp_mtf,"418
."
"Acer Swift 3 SF315-52 Notebook - (Intel Core i7-8550U, 8GB RAM, 256GB SSD, 15.6"" FHD IPS Display, Gold)",/gp/slredirect/picassoRedirect.html/ref=pa_sp_atf_next_aps_sr_pg18_1?ie=UTF8&adId=A06918882QRVB9RIQIA9W&url=%2FAcer-Swift-SF315-52-Notebook-i7-8550U%2Fdp%2FB07FNVT9F8%2Fref%3Dsr_1_273_sspa%3Fcrid%3D20V8GTNKKS8GF%26keywords%3Dlaptop%26qid%3D1556190617%26s%3Dgateway%26sprefix%3Dla%252Caps%252C167%26sr%3D8-273-spons%26psc%3D1&qualifier=1556190617&id=4656958428486702&widgetName=sp_atf_next,"799
."
"Kasper Maison Italian Leather Laptop Sleeve for 15 Inch Macbook Pro 2016 / 2017 Touch Bar – Designed Envelope Case for similar computer, notebook and ultrabook sizes - Signature Gift Included",/gp/slredirect/picassoRedirect.html/ref=pa_sp_atf_next_aps_sr_pg18_2?ie=UTF8&adId=A04541722E2JH5QWE65VT&url=%2FKasper-Maison-Italian-Leather-Macbook-British-Tan%2Fdp%2FB0774LWZWH%2Fref%3Dsr_1_274_sspa%3Fcrid%3D20V8GTNKKS8GF%26keywords%3Dlaptop%26qid%3D1556190617%26s%3Dgateway%26sprefix%3Dla%252Caps%252C167%26sr%3D8-274-spons%26psc%3D1&qualifier=1556190617&id=4656958428486702&widgetName=sp_atf_next,"140
."
